,habitat,beh_photo,beh,beh_var,beh_CV,resp_photo,resp,resp_var,resp_CV
JQ358898,3 aquifer,photoneutral,0.43,0.006696181,0.190302782,photoneutral,0.588346931,0.032952345,0.308538718
JQ358901,3 aquifer,photoneutral,0.52,0.003111111,0.107264104,photoneutral,0.504761905,0.017018141,0.258445805
JQ358835,2 hypogean,photophobic,0.813333333,0.020888889,0.177700684,photophobic,0.680751052,0.016574438,0.189117224
JQ358892,2 hypogean,photophobic,0.811428571,0.022893424,0.18646833,photoneutral,0.514809207,0.009277507,0.187098084
Gunells_Sicifera_1,1 epigean,photoneutral,0.666666667,0.034567901,0.278886674,photoneutral,0.44126117,0.001517589,0.088283872
SMR_Crangonyx,1 epigean,photophobic,0.7125,0.016796875,0.181898608,photoneutral,0.509593496,0.004067899,0.125158746